[
    {
        "key": "group_5c594f923d240",
        "title": "Background Image",
        "fields": [
            {
                "key": "field_5c594fb1a49e4",
                "label": "background_image",
                "name": "background_image",
                "type": "image",
                "instructions": "",
                "required": 0,
                "conditional_logic": 0,
                "wrapper": {
                    "width": "",
                    "class": "",
                    "id": ""
                },
                "return_format": "url",
                "preview_size": "medium",
                "library": "all",
                "min_width": "",
                "min_height": "",
                "min_size": "",
                "max_width": "",
                "max_height": "",
                "max_size": "",
                "mime_types": "jpg,png,jpeg"
            }
        ],
        "location": [
            [
                {
                    "param": "page_template",
                    "operator": "==",
                    "value": "default"
                }
            ]
        ],
        "menu_order": 0,
        "position": "normal",
        "style": "default",
        "label_placement": "top",
        "instruction_placement": "label",
        "hide_on_screen": "",
        "active": 1,
        "description": ""
    },
    {
        "key": "group_5c59709c20251",
        "title": "Event Details",
        "fields": [
            {
                "key": "field_5c5970ac1037a",
                "label": "event_description",
                "name": "event_description",
                "type": "wysiwyg",
                "instructions": "",
                "required": 1,
                "conditional_logic": 0,
                "wrapper": {
                    "width": "",
                    "class": "",
                    "id": ""
                },
                "default_value": "",
                "tabs": "all",
                "toolbar": "full",
                "media_upload": 1,
                "delay": 0
            },
            {
                "key": "field_5c5971551037b",
                "label": "event_date",
                "name": "event_date",
                "type": "date_time_picker",
                "instructions": "",
                "required": 1,
                "conditional_logic": 0,
                "wrapper": {
                    "width": "",
                    "class": "",
                    "id": ""
                },
                "display_format": "F j, Y g:i a",
                "return_format": "F j, Y g:i a",
                "first_day": 1
            },
            {
                "key": "field_5c5971c81037c",
                "label": "event_venue",
                "name": "event_venue",
                "type": "text",
                "instructions": "",
                "required": 1,
                "conditional_logic": 0,
                "wrapper": {
                    "width": "",
                    "class": "",
                    "id": ""
                },
                "default_value": "",
                "placeholder": "Venue of the event",
                "prepend": "",
                "append": "",
                "maxlength": ""
            },
            {
                "key": "field_5c5972381037d",
                "label": "event_image",
                "name": "event_image",
                "type": "image",
                "instructions": "",
                "required": 0,
                "conditional_logic": 0,
                "wrapper": {
                    "width": "",
                    "class": "",
                    "id": ""
                },
                "return_format": "url",
                "preview_size": "thumbnail",
                "library": "all",
                "min_width": "",
                "min_height": "",
                "min_size": "",
                "max_width": "",
                "max_height": "",
                "max_size": "",
                "mime_types": ".png,.jpg,jpeg"
            }
        ],
        "location": [
            [
                {
                    "param": "post_type",
                    "operator": "==",
                    "value": "events"
                }
            ]
        ],
        "menu_order": 0,
        "position": "normal",
        "style": "default",
        "label_placement": "top",
        "instruction_placement": "label",
        "hide_on_screen": "",
        "active": 1,
        "description": ""
    }
]