<?xml version="1.0" encoding="UTF-8" ?>
<!-- This is a WordPress eXtended RSS file generated by WordPress as an export of your site. -->
<!-- It contains information about your site's posts, pages, comments, categories, and other content. -->
<!-- You may use this file to transfer that content from one site to another. -->
<!-- This file is not intended to serve as a complete backup of your site. -->

<!-- To import this information into a WordPress site follow these steps: -->
<!-- 1. Log in to that site as an administrator. -->
<!-- 2. Go to Tools: Import in the WordPress admin panel. -->
<!-- 3. Install the "WordPress" importer from the list. -->
<!-- 4. Activate & Run Importer. -->
<!-- 5. Upload this file using the form provided on that page. -->
<!-- 6. You will first be asked to map the authors in this export file to users -->
<!--    on the site. For each author, you may choose to map to an -->
<!--    existing user on the site or to create a new user. -->
<!-- 7. WordPress will then import each of the posts, pages, comments, categories, etc. -->
<!--    contained in this file into your site. -->

<!-- generator="WordPress/5.0.3" created="2019-02-14 21:25" -->
<rss version="2.0"
	xmlns:excerpt="http://wordpress.org/export/1.2/excerpt/"
	xmlns:content="http://purl.org/rss/1.0/modules/content/"
	xmlns:wfw="http://wellformedweb.org/CommentAPI/"
	xmlns:dc="http://purl.org/dc/elements/1.1/"
	xmlns:wp="http://wordpress.org/export/1.2/"
>

<channel>
	<title>RCMP Veteran&#039;s Association - Ottawa</title>
	<link>http://rcmp.develop</link>
	<description>RCMP Veteran&#039;s Association</description>
	<pubDate>Thu, 14 Feb 2019 21:25:14 +0000</pubDate>
	<language>en-US</language>
	<wp:wxr_version>1.2</wp:wxr_version>
	<wp:base_site_url>http://rcmp.develop</wp:base_site_url>
	<wp:base_blog_url>http://rcmp.develop</wp:base_blog_url>

	<wp:author><wp:author_id>1</wp:author_id><wp:author_login><![CDATA[Nisarg]]></wp:author_login><wp:author_email><![CDATA[nisargp42@gmail.com]]></wp:author_email><wp:author_display_name><![CDATA[Nisarg]]></wp:author_display_name><wp:author_first_name><![CDATA[Nisarg]]></wp:author_first_name><wp:author_last_name><![CDATA[Patel]]></wp:author_last_name></wp:author>

	<wp:category>
		<wp:term_id>1</wp:term_id>
		<wp:category_nicename><![CDATA[uncategorized]]></wp:category_nicename>
		<wp:category_parent><![CDATA[]]></wp:category_parent>
		<wp:cat_name><![CDATA[Uncategorized]]></wp:cat_name>
	</wp:category>
	<wp:term>
		<wp:term_id><![CDATA[1]]></wp:term_id>
		<wp:term_taxonomy><![CDATA[category]]></wp:term_taxonomy>
		<wp:term_slug><![CDATA[uncategorized]]></wp:term_slug>
		<wp:term_parent><![CDATA[]]></wp:term_parent>
		<wp:term_name><![CDATA[Uncategorized]]></wp:term_name>
	</wp:term>

	<generator>https://wordpress.org/?v=5.0.3</generator>

	<item>
		<title>Hello world!</title>
		<link>http://rcmp.develop/hello-world/</link>
		<pubDate>Mon, 04 Feb 2019 20:34:06 +0000</pubDate>
		<dc:creator><![CDATA[Nisarg]]></dc:creator>
		<guid isPermaLink="false">http://rcmp.develop/?p=1</guid>
		<description></description>
		<content:encoded><![CDATA[<!-- wp:paragraph -->
<p>Welcome to WordPress. This is your first post. Edit or delete it, then start writing!</p>
<!-- /wp:paragraph -->]]></content:encoded>
		<excerpt:encoded><![CDATA[]]></excerpt:encoded>
		<wp:post_id>1</wp:post_id>
		<wp:post_date><![CDATA[2019-02-04 20:34:06]]></wp:post_date>
		<wp:post_date_gmt><![CDATA[2019-02-04 20:34:06]]></wp:post_date_gmt>
		<wp:comment_status><![CDATA[open]]></wp:comment_status>
		<wp:ping_status><![CDATA[open]]></wp:ping_status>
		<wp:post_name><![CDATA[hello-world]]></wp:post_name>
		<wp:status><![CDATA[publish]]></wp:status>
		<wp:post_parent>0</wp:post_parent>
		<wp:menu_order>0</wp:menu_order>
		<wp:post_type><![CDATA[post]]></wp:post_type>
		<wp:post_password><![CDATA[]]></wp:post_password>
		<wp:is_sticky>0</wp:is_sticky>
		<category domain="category" nicename="uncategorized"><![CDATA[Uncategorized]]></category>
		<wp:comment>
			<wp:comment_id>1</wp:comment_id>
			<wp:comment_author><![CDATA[A WordPress Commenter]]></wp:comment_author>
			<wp:comment_author_email><![CDATA[wapuu@wordpress.example]]></wp:comment_author_email>
			<wp:comment_author_url>https://wordpress.org/</wp:comment_author_url>
			<wp:comment_author_IP><![CDATA[]]></wp:comment_author_IP>
			<wp:comment_date><![CDATA[2019-02-04 20:34:06]]></wp:comment_date>
			<wp:comment_date_gmt><![CDATA[2019-02-04 20:34:06]]></wp:comment_date_gmt>
			<wp:comment_content><![CDATA[Hi, this is a comment.
To get started with moderating, editing, and deleting comments, please visit the Comments screen in the dashboard.
Commenter avatars come from <a href="https://gravatar.com">Gravatar</a>.]]></wp:comment_content>
			<wp:comment_approved><![CDATA[1]]></wp:comment_approved>
			<wp:comment_type><![CDATA[]]></wp:comment_type>
			<wp:comment_parent>0</wp:comment_parent>
			<wp:comment_user_id>0</wp:comment_user_id>
		</wp:comment>
	</item>
	<item>
		<title>Sample Page</title>
		<link>http://rcmp.develop/sample-page__trashed/</link>
		<pubDate>Mon, 04 Feb 2019 20:34:06 +0000</pubDate>
		<dc:creator><![CDATA[Nisarg]]></dc:creator>
		<guid isPermaLink="false">http://rcmp.develop/?page_id=2</guid>
		<description></description>
		<content:encoded><![CDATA[<!-- wp:paragraph -->
<p>This is an example page. It's different from a blog post because it will stay in one place and will show up in your site navigation (in most themes). Most people start with an About page that introduces them to potential site visitors. It might say something like this:</p>
<!-- /wp:paragraph -->

<!-- wp:quote -->
<blockquote class="wp-block-quote"><p>Hi there! I'm a bike messenger by day, aspiring actor by night, and this is my website. I live in Los Angeles, have a great dog named Jack, and I like pi&#241;a coladas. (And gettin' caught in the rain.)</p></blockquote>
<!-- /wp:quote -->

<!-- wp:paragraph -->
<p>...or something like this:</p>
<!-- /wp:paragraph -->

<!-- wp:quote -->
<blockquote class="wp-block-quote"><p>The XYZ Doohickey Company was founded in 1971, and has been providing quality doohickeys to the public ever since. Located in Gotham City, XYZ employs over 2,000 people and does all kinds of awesome things for the Gotham community.</p></blockquote>
<!-- /wp:quote -->

<!-- wp:paragraph -->
<p>As a new WordPress user, you should go to <a href="http://rcmp.develop/wp-admin/">your dashboard</a> to delete this page and create new pages for your content. Have fun!</p>
<!-- /wp:paragraph -->]]></content:encoded>
		<excerpt:encoded><![CDATA[]]></excerpt:encoded>
		<wp:post_id>2</wp:post_id>
		<wp:post_date><![CDATA[2019-02-04 20:34:06]]></wp:post_date>
		<wp:post_date_gmt><![CDATA[2019-02-04 20:34:06]]></wp:post_date_gmt>
		<wp:comment_status><![CDATA[closed]]></wp:comment_status>
		<wp:ping_status><![CDATA[open]]></wp:ping_status>
		<wp:post_name><![CDATA[sample-page__trashed]]></wp:post_name>
		<wp:status><![CDATA[trash]]></wp:status>
		<wp:post_parent>0</wp:post_parent>
		<wp:menu_order>0</wp:menu_order>
		<wp:post_type><![CDATA[page]]></wp:post_type>
		<wp:post_password><![CDATA[]]></wp:post_password>
		<wp:is_sticky>0</wp:is_sticky>
		<wp:postmeta>
			<wp:meta_key><![CDATA[_wp_page_template]]></wp:meta_key>
			<wp:meta_value><![CDATA[default]]></wp:meta_value>
		</wp:postmeta>
		<wp:postmeta>
			<wp:meta_key><![CDATA[_wp_trash_meta_status]]></wp:meta_key>
			<wp:meta_value><![CDATA[publish]]></wp:meta_value>
		</wp:postmeta>
		<wp:postmeta>
			<wp:meta_key><![CDATA[_wp_trash_meta_time]]></wp:meta_key>
			<wp:meta_value><![CDATA[1549345673]]></wp:meta_value>
		</wp:postmeta>
		<wp:postmeta>
			<wp:meta_key><![CDATA[_wp_desired_post_slug]]></wp:meta_key>
			<wp:meta_value><![CDATA[sample-page]]></wp:meta_value>
		</wp:postmeta>
	</item>
	<item>
		<title>Privacy Policy</title>
		<link>http://rcmp.develop/privacy-policy__trashed/</link>
		<pubDate>Mon, 04 Feb 2019 20:34:06 +0000</pubDate>
		<dc:creator><![CDATA[Nisarg]]></dc:creator>
		<guid isPermaLink="false">http://rcmp.develop/?page_id=3</guid>
		<description></description>
		<content:encoded><![CDATA[<!-- wp:heading --><h2>Who we are</h2><!-- /wp:heading --><!-- wp:paragraph --><p>Our website address is: http://rcmp.develop.</p><!-- /wp:paragraph --><!-- wp:heading --><h2>What personal data we collect and why we collect it</h2><!-- /wp:heading --><!-- wp:heading {"level":3} --><h3>Comments</h3><!-- /wp:heading --><!-- wp:paragraph --><p>When visitors leave comments on the site we collect the data shown in the comments form, and also the visitor&#8217;s IP address and browser user agent string to help spam detection.</p><!-- /wp:paragraph --><!-- wp:paragraph --><p>An anonymized string created from your email address (also called a hash) may be provided to the Gravatar service to see if you are using it. The Gravatar service privacy policy is available here: https://automattic.com/privacy/. After approval of your comment, your profile picture is visible to the public in the context of your comment.</p><!-- /wp:paragraph --><!-- wp:heading {"level":3} --><h3>Media</h3><!-- /wp:heading --><!-- wp:paragraph --><p>If you upload images to the website, you should avoid uploading images with embedded location data (EXIF GPS) included. Visitors to the website can download and extract any location data from images on the website.</p><!-- /wp:paragraph --><!-- wp:heading {"level":3} --><h3>Contact forms</h3><!-- /wp:heading --><!-- wp:heading {"level":3} --><h3>Cookies</h3><!-- /wp:heading --><!-- wp:paragraph --><p>If you leave a comment on our site you may opt-in to saving your name, email address and website in cookies. These are for your convenience so that you do not have to fill in your details again when you leave another comment. These cookies will last for one year.</p><!-- /wp:paragraph --><!-- wp:paragraph --><p>If you have an account and you log in to this site, we will set a temporary cookie to determine if your browser accepts cookies. This cookie contains no personal data and is discarded when you close your browser.</p><!-- /wp:paragraph --><!-- wp:paragraph --><p>When you log in, we will also set up several cookies to save your login information and your screen display choices. Login cookies last for two days, and screen options cookies last for a year. If you select &quot;Remember Me&quot;, your login will persist for two weeks. If you log out of your account, the login cookies will be removed.</p><!-- /wp:paragraph --><!-- wp:paragraph --><p>If you edit or publish an article, an additional cookie will be saved in your browser. This cookie includes no personal data and simply indicates the post ID of the article you just edited. It expires after 1 day.</p><!-- /wp:paragraph --><!-- wp:heading {"level":3} --><h3>Embedded content from other websites</h3><!-- /wp:heading --><!-- wp:paragraph --><p>Articles on this site may include embedded content (e.g. videos, images, articles, etc.). Embedded content from other websites behaves in the exact same way as if the visitor has visited the other website.</p><!-- /wp:paragraph --><!-- wp:paragraph --><p>These websites may collect data about you, use cookies, embed additional third-party tracking, and monitor your interaction with that embedded content, including tracking your interaction with the embedded content if you have an account and are logged in to that website.</p><!-- /wp:paragraph --><!-- wp:heading {"level":3} --><h3>Analytics</h3><!-- /wp:heading --><!-- wp:heading --><h2>Who we share your data with</h2><!-- /wp:heading --><!-- wp:heading --><h2>How long we retain your data</h2><!-- /wp:heading --><!-- wp:paragraph --><p>If you leave a comment, the comment and its metadata are retained indefinitely. This is so we can recognize and approve any follow-up comments automatically instead of holding them in a moderation queue.</p><!-- /wp:paragraph --><!-- wp:paragraph --><p>For users that register on our website (if any), we also store the personal information they provide in their user profile. All users can see, edit, or delete their personal information at any time (except they cannot change their username). Website administrators can also see and edit that information.</p><!-- /wp:paragraph --><!-- wp:heading --><h2>What rights you have over your data</h2><!-- /wp:heading --><!-- wp:paragraph --><p>If you have an account on this site, or have left comments, you can request to receive an exported file of the personal data we hold about you, including any data you have provided to us. You can also request that we erase any personal data we hold about you. This does not include any data we are obliged to keep for administrative, legal, or security purposes.</p><!-- /wp:paragraph --><!-- wp:heading --><h2>Where we send your data</h2><!-- /wp:heading --><!-- wp:paragraph --><p>Visitor comments may be checked through an automated spam detection service.</p><!-- /wp:paragraph --><!-- wp:heading --><h2>Your contact information</h2><!-- /wp:heading --><!-- wp:heading --><h2>Additional information</h2><!-- /wp:heading --><!-- wp:heading {"level":3} --><h3>How we protect your data</h3><!-- /wp:heading --><!-- wp:heading {"level":3} --><h3>What data breach procedures we have in place</h3><!-- /wp:heading --><!-- wp:heading {"level":3} --><h3>What third parties we receive data from</h3><!-- /wp:heading --><!-- wp:heading {"level":3} --><h3>What automated decision making and/or profiling we do with user data</h3><!-- /wp:heading --><!-- wp:heading {"level":3} --><h3>Industry regulatory disclosure requirements</h3><!-- /wp:heading -->]]></content:encoded>
		<excerpt:encoded><![CDATA[]]></excerpt:encoded>
		<wp:post_id>3</wp:post_id>
		<wp:post_date><![CDATA[2019-02-04 20:34:06]]></wp:post_date>
		<wp:post_date_gmt><![CDATA[2019-02-04 20:34:06]]></wp:post_date_gmt>
		<wp:comment_status><![CDATA[closed]]></wp:comment_status>
		<wp:ping_status><![CDATA[open]]></wp:ping_status>
		<wp:post_name><![CDATA[privacy-policy__trashed]]></wp:post_name>
		<wp:status><![CDATA[trash]]></wp:status>
		<wp:post_parent>0</wp:post_parent>
		<wp:menu_order>0</wp:menu_order>
		<wp:post_type><![CDATA[page]]></wp:post_type>
		<wp:post_password><![CDATA[]]></wp:post_password>
		<wp:is_sticky>0</wp:is_sticky>
		<wp:postmeta>
			<wp:meta_key><![CDATA[_wp_page_template]]></wp:meta_key>
			<wp:meta_value><![CDATA[default]]></wp:meta_value>
		</wp:postmeta>
		<wp:postmeta>
			<wp:meta_key><![CDATA[_wp_trash_meta_status]]></wp:meta_key>
			<wp:meta_value><![CDATA[draft]]></wp:meta_value>
		</wp:postmeta>
		<wp:postmeta>
			<wp:meta_key><![CDATA[_wp_trash_meta_time]]></wp:meta_key>
			<wp:meta_value><![CDATA[1549345675]]></wp:meta_value>
		</wp:postmeta>
		<wp:postmeta>
			<wp:meta_key><![CDATA[_wp_desired_post_slug]]></wp:meta_key>
			<wp:meta_value><![CDATA[privacy-policy]]></wp:meta_value>
		</wp:postmeta>
	</item>
	<item>
		<title>Post One</title>
		<link>http://rcmp.develop/post-one/</link>
		<pubDate>Mon, 04 Feb 2019 22:21:10 +0000</pubDate>
		<dc:creator><![CDATA[Nisarg]]></dc:creator>
		<guid isPermaLink="false">http://rcmp.develop/?p=14</guid>
		<description></description>
		<content:encoded><![CDATA[<!-- wp:paragraph -->
<p>This is the a testing post for wordpress loop</p>
<!-- /wp:paragraph -->]]></content:encoded>
		<excerpt:encoded><![CDATA[]]></excerpt:encoded>
		<wp:post_id>14</wp:post_id>
		<wp:post_date><![CDATA[2019-02-04 22:21:10]]></wp:post_date>
		<wp:post_date_gmt><![CDATA[2019-02-04 22:21:10]]></wp:post_date_gmt>
		<wp:comment_status><![CDATA[open]]></wp:comment_status>
		<wp:ping_status><![CDATA[open]]></wp:ping_status>
		<wp:post_name><![CDATA[post-one]]></wp:post_name>
		<wp:status><![CDATA[publish]]></wp:status>
		<wp:post_parent>0</wp:post_parent>
		<wp:menu_order>0</wp:menu_order>
		<wp:post_type><![CDATA[post]]></wp:post_type>
		<wp:post_password><![CDATA[]]></wp:post_password>
		<wp:is_sticky>0</wp:is_sticky>
		<category domain="category" nicename="uncategorized"><![CDATA[Uncategorized]]></category>
	</item>
	<item>
		<title>Post Two</title>
		<link>http://rcmp.develop/post-two/</link>
		<pubDate>Mon, 04 Feb 2019 22:21:36 +0000</pubDate>
		<dc:creator><![CDATA[Nisarg]]></dc:creator>
		<guid isPermaLink="false">http://rcmp.develop/?p=16</guid>
		<description></description>
		<content:encoded><![CDATA[<!-- wp:paragraph -->
<p>This is another post to test the wordpress loop</p>
<!-- /wp:paragraph -->]]></content:encoded>
		<excerpt:encoded><![CDATA[]]></excerpt:encoded>
		<wp:post_id>16</wp:post_id>
		<wp:post_date><![CDATA[2019-02-04 22:21:36]]></wp:post_date>
		<wp:post_date_gmt><![CDATA[2019-02-04 22:21:36]]></wp:post_date_gmt>
		<wp:comment_status><![CDATA[open]]></wp:comment_status>
		<wp:ping_status><![CDATA[open]]></wp:ping_status>
		<wp:post_name><![CDATA[post-two]]></wp:post_name>
		<wp:status><![CDATA[publish]]></wp:status>
		<wp:post_parent>0</wp:post_parent>
		<wp:menu_order>0</wp:menu_order>
		<wp:post_type><![CDATA[post]]></wp:post_type>
		<wp:post_password><![CDATA[]]></wp:post_password>
		<wp:is_sticky>0</wp:is_sticky>
		<category domain="category" nicename="uncategorized"><![CDATA[Uncategorized]]></category>
	</item>
	<item>
		<title>Introduction</title>
		<link>http://rcmp.develop/introduction/</link>
		<pubDate>Tue, 05 Feb 2019 05:56:45 +0000</pubDate>
		<dc:creator><![CDATA[Nisarg]]></dc:creator>
		<guid isPermaLink="false">http://rcmp.develop/?page_id=28</guid>
		<description></description>
		<content:encoded><![CDATA[<!-- wp:heading {"level":3} -->
<h3>Here to serve those who have served</h3>
<!-- /wp:heading -->

<!-- wp:paragraph -->
<p>The RCMP Veterans’ Association (RCMPVA) has been in existence since 1886. It was incorporated under the name Royal Northwest Mounted Police Veterans’ Association by Letters Patent under the Companies Act on January 14, 1924, and steps were taken on December 1, 1954 to change the Association’s name to reflect the present-day name of the Force.</p>
<!-- /wp:paragraph -->

<!-- wp:heading {"level":3} -->
<h3>Purposes and objectives of the association</h3>
<!-- /wp:heading -->

<!-- wp:paragraph -->
<p>The Association came into being out of a recognition that the training, experience and comradery that members had obtained/developed during their active service, could still be put to very meaningful use in individual and collective service to Canada, the Force and other former members (or members of their immediate families and their dependents). That worthwhile precept, is still current today. To that end, the Association continues to subscribe to the following worthy purposes and objects in its Constitution:</p>
<!-- /wp:paragraph -->

<!-- wp:list -->
<ul><li>to promote and assist in the promotion and advancement of the best interests of Canada;</li><li>to be of service to the Government of Canada when required and requested;</li><li>to co-operate with and to render assistance to the Police, especially the Royal Canadian Mounted Police, in all matters of common interest or concern;</li><li>to promote the physical, social and economic welfare of the Association’s members or the members of their immediate families;</li><li>to provide support to worthy community services or organizations of a charitable or benevolent nature.</li></ul>
<!-- /wp:list -->

<!-- wp:heading {"level":3} -->
<h3>How the association functions</h3>
<!-- /wp:heading -->

<!-- wp:paragraph -->
<p>Policies and objectives of the Association are usually determined at its annual general meetings. The Board of Directors is the governing authority between general meetings. In addition, it is the responsibility of the Board of Directors to administer and manage the affairs of the Association on a day to day basis.</p>
<!-- /wp:paragraph -->

<!-- wp:paragraph -->
<p>To assist the Board of Directors, as well as Divisions of the Association and the general public, the Association maintains a National Office which is usually staffed during normal work hours (Ottawa time). Being conveniently located in the Headquarters complex of the Force, the National Office is thus able to maintain a vital and close liaison with the Force.</p>
<!-- /wp:paragraph -->

<!-- wp:heading {"level":3} -->
<h3>Benefit Trust Fund</h3>
<!-- /wp:heading -->

<!-- wp:paragraph -->
<p>An outreach of the Association of particular importance is to be able to respond in a meaningful way to former members of the Force, members of their immediate families or their dependants, who are in financial distress. While assistance can take a variety of forms, it is important that rescue be undertaken in an effective, discreet, timely, and meaningful way, if it is to serve a useful purpose.</p>
<!-- /wp:paragraph -->

<!-- wp:paragraph -->
<p>Such assistance may simply be by way of helping the individual connect with the appropriate Federal, Provincial or Municipal level of government best suited to assist.</p>
<!-- /wp:paragraph -->

<!-- wp:paragraph -->
<p>Another form of assistance is available through the Benefit Trust Fund which exists under authority of the RCMP Act, or through a smaller fund established and maintained by the Association itself. Such assistance can also take the form of a grant, or a loan, repayment of which is geared to one’s circumstances. Financial assistance is available where there is no other funding available, or in addition to other forms of available assistance.</p>
<!-- /wp:paragraph -->

<!-- wp:paragraph -->
<p>The objective is to provide temporary or ongoing relief where documented financial distress beyond the control of the individual exists, thereby enabling approved recipients to have simple, yet dignified financial expectations out of life.</p>
<!-- /wp:paragraph -->

<!-- wp:paragraph -->
<p>If you know of an eligible, worthy person you are encouraged to contact the association for assistance.</p>
<!-- /wp:paragraph -->

<!-- wp:separator -->
<hr class="wp-block-separator"/>
<!-- /wp:separator -->

<!-- wp:heading {"level":3} -->
<h3>The Force and the Association</h3>
<!-- /wp:heading -->

<!-- wp:paragraph -->
<p>The Force’s post-discharge responsibilities to former members are generally limited to ensuring that entitlements earned during one’s service are fully paid. While the Association takes a great deal of satisfaction out of its excellent rapport with the Force over the years, it also recognizes that enhancement to existing post-discharge benefits, must often be generated outside the Force, for the reason that the Force’s focus is primarily on serving members. The Force recognizes the Association as a credible advocate for the interests of former members. To retain that important status with the Force, it is vital that the Association be seen as truly representing former members, and this can best be achieved through strong and growing membership.</p>
<!-- /wp:paragraph -->]]></content:encoded>
		<excerpt:encoded><![CDATA[]]></excerpt:encoded>
		<wp:post_id>28</wp:post_id>
		<wp:post_date><![CDATA[2019-02-05 05:56:45]]></wp:post_date>
		<wp:post_date_gmt><![CDATA[2019-02-05 05:56:45]]></wp:post_date_gmt>
		<wp:comment_status><![CDATA[closed]]></wp:comment_status>
		<wp:ping_status><![CDATA[closed]]></wp:ping_status>
		<wp:post_name><![CDATA[introduction]]></wp:post_name>
		<wp:status><![CDATA[publish]]></wp:status>
		<wp:post_parent>0</wp:post_parent>
		<wp:menu_order>0</wp:menu_order>
		<wp:post_type><![CDATA[page]]></wp:post_type>
		<wp:post_password><![CDATA[]]></wp:post_password>
		<wp:is_sticky>0</wp:is_sticky>
		<wp:postmeta>
			<wp:meta_key><![CDATA[_edit_last]]></wp:meta_key>
			<wp:meta_value><![CDATA[1]]></wp:meta_value>
		</wp:postmeta>
		<wp:postmeta>
			<wp:meta_key><![CDATA[background_image]]></wp:meta_key>
			<wp:meta_value><![CDATA[33]]></wp:meta_value>
		</wp:postmeta>
		<wp:postmeta>
			<wp:meta_key><![CDATA[_background_image]]></wp:meta_key>
			<wp:meta_value><![CDATA[field_5c594fb1a49e4]]></wp:meta_value>
		</wp:postmeta>
	</item>
	<item>
		<title>Background Image</title>
		<link>http://rcmp.develop/?post_type=acf-field-group&#038;p=31</link>
		<pubDate>Tue, 05 Feb 2019 09:00:22 +0000</pubDate>
		<dc:creator><![CDATA[Nisarg]]></dc:creator>
		<guid isPermaLink="false">http://rcmp.develop/?post_type=acf-field-group&#038;p=31</guid>
		<description></description>
		<content:encoded><![CDATA[a:7:{s:8:"location";a:1:{i:0;a:1:{i:0;a:3:{s:5:"param";s:13:"page_template";s:8:"operator";s:2:"==";s:5:"value";s:7:"default";}}}s:8:"position";s:6:"normal";s:5:"style";s:7:"default";s:15:"label_placement";s:3:"top";s:21:"instruction_placement";s:5:"label";s:14:"hide_on_screen";s:0:"";s:11:"description";s:0:"";}]]></content:encoded>
		<excerpt:encoded><![CDATA[background-image]]></excerpt:encoded>
		<wp:post_id>31</wp:post_id>
		<wp:post_date><![CDATA[2019-02-05 09:00:22]]></wp:post_date>
		<wp:post_date_gmt><![CDATA[2019-02-05 09:00:22]]></wp:post_date_gmt>
		<wp:comment_status><![CDATA[closed]]></wp:comment_status>
		<wp:ping_status><![CDATA[closed]]></wp:ping_status>
		<wp:post_name><![CDATA[group_5c594f923d240]]></wp:post_name>
		<wp:status><![CDATA[publish]]></wp:status>
		<wp:post_parent>0</wp:post_parent>
		<wp:menu_order>0</wp:menu_order>
		<wp:post_type><![CDATA[acf-field-group]]></wp:post_type>
		<wp:post_password><![CDATA[]]></wp:post_password>
		<wp:is_sticky>0</wp:is_sticky>
		<wp:postmeta>
			<wp:meta_key><![CDATA[_edit_last]]></wp:meta_key>
			<wp:meta_value><![CDATA[1]]></wp:meta_value>
		</wp:postmeta>
	</item>
	<item>
		<title>background_image</title>
		<link>http://rcmp.develop/?post_type=acf-field&#038;p=32</link>
		<pubDate>Tue, 05 Feb 2019 09:00:22 +0000</pubDate>
		<dc:creator><![CDATA[Nisarg]]></dc:creator>
		<guid isPermaLink="false">http://rcmp.develop/?post_type=acf-field&#038;p=32</guid>
		<description></description>
		<content:encoded><![CDATA[a:15:{s:4:"type";s:5:"image";s:12:"instructions";s:0:"";s:8:"required";i:0;s:17:"conditional_logic";i:0;s:7:"wrapper";a:3:{s:5:"width";s:0:"";s:5:"class";s:0:"";s:2:"id";s:0:"";}s:13:"return_format";s:3:"url";s:12:"preview_size";s:6:"medium";s:7:"library";s:3:"all";s:9:"min_width";s:0:"";s:10:"min_height";s:0:"";s:8:"min_size";s:0:"";s:9:"max_width";s:0:"";s:10:"max_height";s:0:"";s:8:"max_size";s:0:"";s:10:"mime_types";s:12:"jpg,png,jpeg";}]]></content:encoded>
		<excerpt:encoded><![CDATA[background_image]]></excerpt:encoded>
		<wp:post_id>32</wp:post_id>
		<wp:post_date><![CDATA[2019-02-05 09:00:22]]></wp:post_date>
		<wp:post_date_gmt><![CDATA[2019-02-05 09:00:22]]></wp:post_date_gmt>
		<wp:comment_status><![CDATA[closed]]></wp:comment_status>
		<wp:ping_status><![CDATA[closed]]></wp:ping_status>
		<wp:post_name><![CDATA[field_5c594fb1a49e4]]></wp:post_name>
		<wp:status><![CDATA[publish]]></wp:status>
		<wp:post_parent>31</wp:post_parent>
		<wp:menu_order>0</wp:menu_order>
		<wp:post_type><![CDATA[acf-field]]></wp:post_type>
		<wp:post_password><![CDATA[]]></wp:post_password>
		<wp:is_sticky>0</wp:is_sticky>
	</item>
	<item>
		<title>banner-introduction</title>
		<link>http://rcmp.develop/introduction/banner-introduction/</link>
		<pubDate>Tue, 05 Feb 2019 09:03:07 +0000</pubDate>
		<dc:creator><![CDATA[Nisarg]]></dc:creator>
		<guid isPermaLink="false">http://rcmp.develop/wp-content/uploads/2019/02/banner-introduction.jpg</guid>
		<description></description>
		<content:encoded><![CDATA[]]></content:encoded>
		<excerpt:encoded><![CDATA[]]></excerpt:encoded>
		<wp:post_id>33</wp:post_id>
		<wp:post_date><![CDATA[2019-02-05 09:03:07]]></wp:post_date>
		<wp:post_date_gmt><![CDATA[2019-02-05 09:03:07]]></wp:post_date_gmt>
		<wp:comment_status><![CDATA[open]]></wp:comment_status>
		<wp:ping_status><![CDATA[closed]]></wp:ping_status>
		<wp:post_name><![CDATA[banner-introduction]]></wp:post_name>
		<wp:status><![CDATA[inherit]]></wp:status>
		<wp:post_parent>28</wp:post_parent>
		<wp:menu_order>0</wp:menu_order>
		<wp:post_type><![CDATA[attachment]]></wp:post_type>
		<wp:post_password><![CDATA[]]></wp:post_password>
		<wp:is_sticky>0</wp:is_sticky>
		<wp:attachment_url><![CDATA[http://rcmp.develop/wp-content/uploads/2019/02/banner-introduction.jpg]]></wp:attachment_url>
		<wp:postmeta>
			<wp:meta_key><![CDATA[_wp_attached_file]]></wp:meta_key>
			<wp:meta_value><![CDATA[2019/02/banner-introduction.jpg]]></wp:meta_value>
		</wp:postmeta>
		<wp:postmeta>
			<wp:meta_key><![CDATA[_wp_attachment_metadata]]></wp:meta_key>
			<wp:meta_value><![CDATA[a:5:{s:5:"width";i:1604;s:6:"height";i:240;s:4:"file";s:31:"2019/02/banner-introduction.jpg";s:5:"sizes";a:4:{s:9:"thumbnail";a:4:{s:4:"file";s:31:"banner-introduction-150x150.jpg";s:5:"width";i:150;s:6:"height";i:150;s:9:"mime-type";s:10:"image/jpeg";}s:6:"medium";a:4:{s:4:"file";s:30:"banner-introduction-300x45.jpg";s:5:"width";i:300;s:6:"height";i:45;s:9:"mime-type";s:10:"image/jpeg";}s:12:"medium_large";a:4:{s:4:"file";s:31:"banner-introduction-768x115.jpg";s:5:"width";i:768;s:6:"height";i:115;s:9:"mime-type";s:10:"image/jpeg";}s:5:"large";a:4:{s:4:"file";s:32:"banner-introduction-1024x153.jpg";s:5:"width";i:1024;s:6:"height";i:153;s:9:"mime-type";s:10:"image/jpeg";}}s:10:"image_meta";a:12:{s:8:"aperture";s:1:"0";s:6:"credit";s:0:"";s:6:"camera";s:0:"";s:7:"caption";s:0:"";s:17:"created_timestamp";s:1:"0";s:9:"copyright";s:0:"";s:12:"focal_length";s:1:"0";s:3:"iso";s:1:"0";s:13:"shutter_speed";s:1:"0";s:5:"title";s:0:"";s:11:"orientation";s:1:"0";s:8:"keywords";a:0:{}}}]]></wp:meta_value>
		</wp:postmeta>
	</item>
	<item>
		<title>Events</title>
		<link>http://rcmp.develop/events__trashed/</link>
		<pubDate>Tue, 05 Feb 2019 10:58:00 +0000</pubDate>
		<dc:creator><![CDATA[Nisarg]]></dc:creator>
		<guid isPermaLink="false">http://rcmp.develop/?page_id=35</guid>
		<description></description>
		<content:encoded><![CDATA[<!-- wp:heading {"level":3} -->
<h3>Here to serve those who have served</h3>
<!-- /wp:heading -->

<!-- wp:paragraph -->
<p>The RCMP Veterans’ Association (RCMPVA) has been in existence since 1886. It was incorporated under the name Royal Northwest Mounted Police Veterans’ Association by Letters Patent under the Companies Act on January 14, 1924, and steps were taken on December 1, 1954 to change the Association’s name to reflect the present-day name of the Force.</p>
<!-- /wp:paragraph -->]]></content:encoded>
		<excerpt:encoded><![CDATA[]]></excerpt:encoded>
		<wp:post_id>35</wp:post_id>
		<wp:post_date><![CDATA[2019-02-05 10:58:00]]></wp:post_date>
		<wp:post_date_gmt><![CDATA[2019-02-05 10:58:00]]></wp:post_date_gmt>
		<wp:comment_status><![CDATA[closed]]></wp:comment_status>
		<wp:ping_status><![CDATA[closed]]></wp:ping_status>
		<wp:post_name><![CDATA[events__trashed]]></wp:post_name>
		<wp:status><![CDATA[trash]]></wp:status>
		<wp:post_parent>0</wp:post_parent>
		<wp:menu_order>0</wp:menu_order>
		<wp:post_type><![CDATA[page]]></wp:post_type>
		<wp:post_password><![CDATA[]]></wp:post_password>
		<wp:is_sticky>0</wp:is_sticky>
		<wp:postmeta>
			<wp:meta_key><![CDATA[_edit_last]]></wp:meta_key>
			<wp:meta_value><![CDATA[1]]></wp:meta_value>
		</wp:postmeta>
		<wp:postmeta>
			<wp:meta_key><![CDATA[background_image]]></wp:meta_key>
			<wp:meta_value><![CDATA[38]]></wp:meta_value>
		</wp:postmeta>
		<wp:postmeta>
			<wp:meta_key><![CDATA[_background_image]]></wp:meta_key>
			<wp:meta_value><![CDATA[field_5c594fb1a49e4]]></wp:meta_value>
		</wp:postmeta>
		<wp:postmeta>
			<wp:meta_key><![CDATA[_wp_trash_meta_status]]></wp:meta_key>
			<wp:meta_value><![CDATA[publish]]></wp:meta_value>
		</wp:postmeta>
		<wp:postmeta>
			<wp:meta_key><![CDATA[_wp_trash_meta_time]]></wp:meta_key>
			<wp:meta_value><![CDATA[1549365202]]></wp:meta_value>
		</wp:postmeta>
		<wp:postmeta>
			<wp:meta_key><![CDATA[_wp_desired_post_slug]]></wp:meta_key>
			<wp:meta_value><![CDATA[events]]></wp:meta_value>
		</wp:postmeta>
	</item>
	<item>
		<title>banner-events</title>
		<link>http://rcmp.develop/events__trashed/banner-events/</link>
		<pubDate>Tue, 05 Feb 2019 11:10:18 +0000</pubDate>
		<dc:creator><![CDATA[Nisarg]]></dc:creator>
		<guid isPermaLink="false">http://rcmp.develop/wp-content/uploads/2019/02/banner-events.jpg</guid>
		<description></description>
		<content:encoded><![CDATA[]]></content:encoded>
		<excerpt:encoded><![CDATA[]]></excerpt:encoded>
		<wp:post_id>38</wp:post_id>
		<wp:post_date><![CDATA[2019-02-05 11:10:18]]></wp:post_date>
		<wp:post_date_gmt><![CDATA[2019-02-05 11:10:18]]></wp:post_date_gmt>
		<wp:comment_status><![CDATA[open]]></wp:comment_status>
		<wp:ping_status><![CDATA[closed]]></wp:ping_status>
		<wp:post_name><![CDATA[banner-events]]></wp:post_name>
		<wp:status><![CDATA[inherit]]></wp:status>
		<wp:post_parent>35</wp:post_parent>
		<wp:menu_order>0</wp:menu_order>
		<wp:post_type><![CDATA[attachment]]></wp:post_type>
		<wp:post_password><![CDATA[]]></wp:post_password>
		<wp:is_sticky>0</wp:is_sticky>
		<wp:attachment_url><![CDATA[http://rcmp.develop/wp-content/uploads/2019/02/banner-events.jpg]]></wp:attachment_url>
		<wp:postmeta>
			<wp:meta_key><![CDATA[_wp_attached_file]]></wp:meta_key>
			<wp:meta_value><![CDATA[2019/02/banner-events.jpg]]></wp:meta_value>
		</wp:postmeta>
		<wp:postmeta>
			<wp:meta_key><![CDATA[_wp_attachment_metadata]]></wp:meta_key>
			<wp:meta_value><![CDATA[a:5:{s:5:"width";i:1920;s:6:"height";i:480;s:4:"file";s:25:"2019/02/banner-events.jpg";s:5:"sizes";a:4:{s:9:"thumbnail";a:4:{s:4:"file";s:25:"banner-events-150x150.jpg";s:5:"width";i:150;s:6:"height";i:150;s:9:"mime-type";s:10:"image/jpeg";}s:6:"medium";a:4:{s:4:"file";s:24:"banner-events-300x75.jpg";s:5:"width";i:300;s:6:"height";i:75;s:9:"mime-type";s:10:"image/jpeg";}s:12:"medium_large";a:4:{s:4:"file";s:25:"banner-events-768x192.jpg";s:5:"width";i:768;s:6:"height";i:192;s:9:"mime-type";s:10:"image/jpeg";}s:5:"large";a:4:{s:4:"file";s:26:"banner-events-1024x256.jpg";s:5:"width";i:1024;s:6:"height";i:256;s:9:"mime-type";s:10:"image/jpeg";}}s:10:"image_meta";a:12:{s:8:"aperture";s:1:"0";s:6:"credit";s:0:"";s:6:"camera";s:0:"";s:7:"caption";s:0:"";s:17:"created_timestamp";s:1:"0";s:9:"copyright";s:0:"";s:12:"focal_length";s:1:"0";s:3:"iso";s:1:"0";s:13:"shutter_speed";s:1:"0";s:5:"title";s:0:"";s:11:"orientation";s:1:"0";s:8:"keywords";a:0:{}}}]]></wp:meta_value>
		</wp:postmeta>
	</item>
	<item>
		<title>Event Details</title>
		<link>http://rcmp.develop/?post_type=acf-field-group&#038;p=46</link>
		<pubDate>Tue, 05 Feb 2019 11:24:50 +0000</pubDate>
		<dc:creator><![CDATA[Nisarg]]></dc:creator>
		<guid isPermaLink="false">http://rcmp.develop/?post_type=acf-field-group&#038;p=46</guid>
		<description></description>
		<content:encoded><![CDATA[a:7:{s:8:"location";a:1:{i:0;a:1:{i:0;a:3:{s:5:"param";s:9:"post_type";s:8:"operator";s:2:"==";s:5:"value";s:6:"events";}}}s:8:"position";s:6:"normal";s:5:"style";s:7:"default";s:15:"label_placement";s:3:"top";s:21:"instruction_placement";s:5:"label";s:14:"hide_on_screen";s:0:"";s:11:"description";s:0:"";}]]></content:encoded>
		<excerpt:encoded><![CDATA[event-details]]></excerpt:encoded>
		<wp:post_id>46</wp:post_id>
		<wp:post_date><![CDATA[2019-02-05 11:24:50]]></wp:post_date>
		<wp:post_date_gmt><![CDATA[2019-02-05 11:24:50]]></wp:post_date_gmt>
		<wp:comment_status><![CDATA[closed]]></wp:comment_status>
		<wp:ping_status><![CDATA[closed]]></wp:ping_status>
		<wp:post_name><![CDATA[group_5c59709c20251]]></wp:post_name>
		<wp:status><![CDATA[publish]]></wp:status>
		<wp:post_parent>0</wp:post_parent>
		<wp:menu_order>0</wp:menu_order>
		<wp:post_type><![CDATA[acf-field-group]]></wp:post_type>
		<wp:post_password><![CDATA[]]></wp:post_password>
		<wp:is_sticky>0</wp:is_sticky>
		<wp:postmeta>
			<wp:meta_key><![CDATA[_edit_last]]></wp:meta_key>
			<wp:meta_value><![CDATA[1]]></wp:meta_value>
		</wp:postmeta>
	</item>
	<item>
		<title>event_description</title>
		<link>http://rcmp.develop/?post_type=acf-field&#038;p=47</link>
		<pubDate>Tue, 05 Feb 2019 11:24:50 +0000</pubDate>
		<dc:creator><![CDATA[Nisarg]]></dc:creator>
		<guid isPermaLink="false">http://rcmp.develop/?post_type=acf-field&#038;p=47</guid>
		<description></description>
		<content:encoded><![CDATA[a:10:{s:4:"type";s:7:"wysiwyg";s:12:"instructions";s:0:"";s:8:"required";i:1;s:17:"conditional_logic";i:0;s:7:"wrapper";a:3:{s:5:"width";s:0:"";s:5:"class";s:0:"";s:2:"id";s:0:"";}s:13:"default_value";s:0:"";s:4:"tabs";s:3:"all";s:7:"toolbar";s:4:"full";s:12:"media_upload";i:1;s:5:"delay";i:0;}]]></content:encoded>
		<excerpt:encoded><![CDATA[event_description]]></excerpt:encoded>
		<wp:post_id>47</wp:post_id>
		<wp:post_date><![CDATA[2019-02-05 11:24:50]]></wp:post_date>
		<wp:post_date_gmt><![CDATA[2019-02-05 11:24:50]]></wp:post_date_gmt>
		<wp:comment_status><![CDATA[closed]]></wp:comment_status>
		<wp:ping_status><![CDATA[closed]]></wp:ping_status>
		<wp:post_name><![CDATA[field_5c5970ac1037a]]></wp:post_name>
		<wp:status><![CDATA[publish]]></wp:status>
		<wp:post_parent>46</wp:post_parent>
		<wp:menu_order>0</wp:menu_order>
		<wp:post_type><![CDATA[acf-field]]></wp:post_type>
		<wp:post_password><![CDATA[]]></wp:post_password>
		<wp:is_sticky>0</wp:is_sticky>
	</item>
	<item>
		<title>event_date</title>
		<link>http://rcmp.develop/?post_type=acf-field&#038;p=48</link>
		<pubDate>Tue, 05 Feb 2019 11:24:50 +0000</pubDate>
		<dc:creator><![CDATA[Nisarg]]></dc:creator>
		<guid isPermaLink="false">http://rcmp.develop/?post_type=acf-field&#038;p=48</guid>
		<description></description>
		<content:encoded><![CDATA[a:8:{s:4:"type";s:16:"date_time_picker";s:12:"instructions";s:0:"";s:8:"required";i:1;s:17:"conditional_logic";i:0;s:7:"wrapper";a:3:{s:5:"width";s:0:"";s:5:"class";s:0:"";s:2:"id";s:0:"";}s:14:"display_format";s:12:"F j, Y g:i a";s:13:"return_format";s:12:"F j, Y g:i a";s:9:"first_day";i:1;}]]></content:encoded>
		<excerpt:encoded><![CDATA[event_date]]></excerpt:encoded>
		<wp:post_id>48</wp:post_id>
		<wp:post_date><![CDATA[2019-02-05 11:24:50]]></wp:post_date>
		<wp:post_date_gmt><![CDATA[2019-02-05 11:24:50]]></wp:post_date_gmt>
		<wp:comment_status><![CDATA[closed]]></wp:comment_status>
		<wp:ping_status><![CDATA[closed]]></wp:ping_status>
		<wp:post_name><![CDATA[field_5c5971551037b]]></wp:post_name>
		<wp:status><![CDATA[publish]]></wp:status>
		<wp:post_parent>46</wp:post_parent>
		<wp:menu_order>1</wp:menu_order>
		<wp:post_type><![CDATA[acf-field]]></wp:post_type>
		<wp:post_password><![CDATA[]]></wp:post_password>
		<wp:is_sticky>0</wp:is_sticky>
	</item>
	<item>
		<title>event_venue</title>
		<link>http://rcmp.develop/?post_type=acf-field&#038;p=49</link>
		<pubDate>Tue, 05 Feb 2019 11:24:50 +0000</pubDate>
		<dc:creator><![CDATA[Nisarg]]></dc:creator>
		<guid isPermaLink="false">http://rcmp.develop/?post_type=acf-field&#038;p=49</guid>
		<description></description>
		<content:encoded><![CDATA[a:10:{s:4:"type";s:4:"text";s:12:"instructions";s:0:"";s:8:"required";i:1;s:17:"conditional_logic";i:0;s:7:"wrapper";a:3:{s:5:"width";s:0:"";s:5:"class";s:0:"";s:2:"id";s:0:"";}s:13:"default_value";s:0:"";s:11:"placeholder";s:18:"Venue of the event";s:7:"prepend";s:0:"";s:6:"append";s:0:"";s:9:"maxlength";s:0:"";}]]></content:encoded>
		<excerpt:encoded><![CDATA[event_venue]]></excerpt:encoded>
		<wp:post_id>49</wp:post_id>
		<wp:post_date><![CDATA[2019-02-05 11:24:50]]></wp:post_date>
		<wp:post_date_gmt><![CDATA[2019-02-05 11:24:50]]></wp:post_date_gmt>
		<wp:comment_status><![CDATA[closed]]></wp:comment_status>
		<wp:ping_status><![CDATA[closed]]></wp:ping_status>
		<wp:post_name><![CDATA[field_5c5971c81037c]]></wp:post_name>
		<wp:status><![CDATA[publish]]></wp:status>
		<wp:post_parent>46</wp:post_parent>
		<wp:menu_order>2</wp:menu_order>
		<wp:post_type><![CDATA[acf-field]]></wp:post_type>
		<wp:post_password><![CDATA[]]></wp:post_password>
		<wp:is_sticky>0</wp:is_sticky>
	</item>
	<item>
		<title>event_image</title>
		<link>http://rcmp.develop/?post_type=acf-field&#038;p=50</link>
		<pubDate>Tue, 05 Feb 2019 11:24:50 +0000</pubDate>
		<dc:creator><![CDATA[Nisarg]]></dc:creator>
		<guid isPermaLink="false">http://rcmp.develop/?post_type=acf-field&#038;p=50</guid>
		<description></description>
		<content:encoded><![CDATA[a:15:{s:4:"type";s:5:"image";s:12:"instructions";s:0:"";s:8:"required";i:0;s:17:"conditional_logic";i:0;s:7:"wrapper";a:3:{s:5:"width";s:0:"";s:5:"class";s:0:"";s:2:"id";s:0:"";}s:13:"return_format";s:3:"url";s:12:"preview_size";s:9:"thumbnail";s:7:"library";s:3:"all";s:9:"min_width";s:0:"";s:10:"min_height";s:0:"";s:8:"min_size";s:0:"";s:9:"max_width";s:0:"";s:10:"max_height";s:0:"";s:8:"max_size";s:0:"";s:10:"mime_types";s:14:".png,.jpg,jpeg";}]]></content:encoded>
		<excerpt:encoded><![CDATA[event_image]]></excerpt:encoded>
		<wp:post_id>50</wp:post_id>
		<wp:post_date><![CDATA[2019-02-05 11:24:50]]></wp:post_date>
		<wp:post_date_gmt><![CDATA[2019-02-05 11:24:50]]></wp:post_date_gmt>
		<wp:comment_status><![CDATA[closed]]></wp:comment_status>
		<wp:ping_status><![CDATA[closed]]></wp:ping_status>
		<wp:post_name><![CDATA[field_5c5972381037d]]></wp:post_name>
		<wp:status><![CDATA[publish]]></wp:status>
		<wp:post_parent>46</wp:post_parent>
		<wp:menu_order>3</wp:menu_order>
		<wp:post_type><![CDATA[acf-field]]></wp:post_type>
		<wp:post_password><![CDATA[]]></wp:post_password>
		<wp:is_sticky>0</wp:is_sticky>
	</item>
	<item>
		<title>Musical Ride tour schedule</title>
		<link>http://rcmp.develop/events/musical-ride-tour-schedule/</link>
		<pubDate>Tue, 05 Feb 2019 11:30:34 +0000</pubDate>
		<dc:creator><![CDATA[Nisarg]]></dc:creator>
		<guid isPermaLink="false">http://rcmp.develop/?post_type=events&#038;p=51</guid>
		<description></description>
		<content:encoded><![CDATA[<!-- wp:paragraph -->
<p>

 The Musical Ride of the Royal Canadian Mounted Police is a formal event showcasing the equestrian skills performed by 32 cavalries who are regular members of the force. The event is held in Canada and worldwide to promote the RCMP 

</p>
<!-- /wp:paragraph -->]]></content:encoded>
		<excerpt:encoded><![CDATA[]]></excerpt:encoded>
		<wp:post_id>51</wp:post_id>
		<wp:post_date><![CDATA[2019-02-05 11:30:34]]></wp:post_date>
		<wp:post_date_gmt><![CDATA[2019-02-05 11:30:34]]></wp:post_date_gmt>
		<wp:comment_status><![CDATA[closed]]></wp:comment_status>
		<wp:ping_status><![CDATA[closed]]></wp:ping_status>
		<wp:post_name><![CDATA[musical-ride-tour-schedule]]></wp:post_name>
		<wp:status><![CDATA[publish]]></wp:status>
		<wp:post_parent>0</wp:post_parent>
		<wp:menu_order>0</wp:menu_order>
		<wp:post_type><![CDATA[events]]></wp:post_type>
		<wp:post_password><![CDATA[]]></wp:post_password>
		<wp:is_sticky>0</wp:is_sticky>
		<wp:postmeta>
			<wp:meta_key><![CDATA[_edit_last]]></wp:meta_key>
			<wp:meta_value><![CDATA[1]]></wp:meta_value>
		</wp:postmeta>
		<wp:postmeta>
			<wp:meta_key><![CDATA[event_description]]></wp:meta_key>
			<wp:meta_value><![CDATA[]]></wp:meta_value>
		</wp:postmeta>
		<wp:postmeta>
			<wp:meta_key><![CDATA[_event_description]]></wp:meta_key>
			<wp:meta_value><![CDATA[field_5c5970ac1037a]]></wp:meta_value>
		</wp:postmeta>
		<wp:postmeta>
			<wp:meta_key><![CDATA[event_date]]></wp:meta_key>
			<wp:meta_value><![CDATA[2019-05-15 09:00:00]]></wp:meta_value>
		</wp:postmeta>
		<wp:postmeta>
			<wp:meta_key><![CDATA[_event_date]]></wp:meta_key>
			<wp:meta_value><![CDATA[field_5c5971551037b]]></wp:meta_value>
		</wp:postmeta>
		<wp:postmeta>
			<wp:meta_key><![CDATA[event_venue]]></wp:meta_key>
			<wp:meta_value><![CDATA[RCMP Stables - 1 Sandridge Road, Ottawa, ON]]></wp:meta_value>
		</wp:postmeta>
		<wp:postmeta>
			<wp:meta_key><![CDATA[_event_venue]]></wp:meta_key>
			<wp:meta_value><![CDATA[field_5c5971c81037c]]></wp:meta_value>
		</wp:postmeta>
		<wp:postmeta>
			<wp:meta_key><![CDATA[event_image]]></wp:meta_key>
			<wp:meta_value><![CDATA[38]]></wp:meta_value>
		</wp:postmeta>
		<wp:postmeta>
			<wp:meta_key><![CDATA[_event_image]]></wp:meta_key>
			<wp:meta_value><![CDATA[field_5c5972381037d]]></wp:meta_value>
		</wp:postmeta>
	</item>
	<item>
		<title>events-image</title>
		<link>http://rcmp.develop/events/musical-ride-tour-schedule/events-image/</link>
		<pubDate>Tue, 05 Feb 2019 11:28:01 +0000</pubDate>
		<dc:creator><![CDATA[Nisarg]]></dc:creator>
		<guid isPermaLink="false">http://rcmp.develop/wp-content/uploads/2019/02/events-image.jpg</guid>
		<description></description>
		<content:encoded><![CDATA[]]></content:encoded>
		<excerpt:encoded><![CDATA[]]></excerpt:encoded>
		<wp:post_id>52</wp:post_id>
		<wp:post_date><![CDATA[2019-02-05 11:28:01]]></wp:post_date>
		<wp:post_date_gmt><![CDATA[2019-02-05 11:28:01]]></wp:post_date_gmt>
		<wp:comment_status><![CDATA[open]]></wp:comment_status>
		<wp:ping_status><![CDATA[closed]]></wp:ping_status>
		<wp:post_name><![CDATA[events-image]]></wp:post_name>
		<wp:status><![CDATA[inherit]]></wp:status>
		<wp:post_parent>51</wp:post_parent>
		<wp:menu_order>0</wp:menu_order>
		<wp:post_type><![CDATA[attachment]]></wp:post_type>
		<wp:post_password><![CDATA[]]></wp:post_password>
		<wp:is_sticky>0</wp:is_sticky>
		<wp:attachment_url><![CDATA[http://rcmp.develop/wp-content/uploads/2019/02/events-image.jpg]]></wp:attachment_url>
		<wp:postmeta>
			<wp:meta_key><![CDATA[_wp_attached_file]]></wp:meta_key>
			<wp:meta_value><![CDATA[2019/02/events-image.jpg]]></wp:meta_value>
		</wp:postmeta>
		<wp:postmeta>
			<wp:meta_key><![CDATA[_wp_attachment_metadata]]></wp:meta_key>
			<wp:meta_value><![CDATA[a:5:{s:5:"width";i:580;s:6:"height";i:392;s:4:"file";s:24:"2019/02/events-image.jpg";s:5:"sizes";a:2:{s:9:"thumbnail";a:4:{s:4:"file";s:24:"events-image-150x150.jpg";s:5:"width";i:150;s:6:"height";i:150;s:9:"mime-type";s:10:"image/jpeg";}s:6:"medium";a:4:{s:4:"file";s:24:"events-image-300x203.jpg";s:5:"width";i:300;s:6:"height";i:203;s:9:"mime-type";s:10:"image/jpeg";}}s:10:"image_meta";a:12:{s:8:"aperture";s:1:"0";s:6:"credit";s:0:"";s:6:"camera";s:0:"";s:7:"caption";s:0:"";s:17:"created_timestamp";s:1:"0";s:9:"copyright";s:5:"20074";s:12:"focal_length";s:1:"0";s:3:"iso";s:1:"0";s:13:"shutter_speed";s:1:"0";s:5:"title";s:0:"";s:11:"orientation";s:1:"0";s:8:"keywords";a:0:{}}}]]></wp:meta_value>
		</wp:postmeta>
	</item>
	<item>
		<title>rcmpveteran039sassociation-ottawa.wordpress.2019-02-07.xml_.txt</title>
		<link>http://rcmp.develop/rcmpveteran039sassociation-ottawa-wordpress-2019-02-07-xml_-txt/</link>
		<pubDate>Thu, 14 Feb 2019 21:21:39 +0000</pubDate>
		<dc:creator><![CDATA[Nisarg]]></dc:creator>
		<guid isPermaLink="false">http://rcmp.develop/wp-content/uploads/2019/02/rcmpveteran039sassociation-ottawa.wordpress.2019-02-07.xml_.txt</guid>
		<description></description>
		<content:encoded><![CDATA[http://rcmp.develop/wp-content/uploads/2019/02/rcmpveteran039sassociation-ottawa.wordpress.2019-02-07.xml_.txt]]></content:encoded>
		<excerpt:encoded><![CDATA[]]></excerpt:encoded>
		<wp:post_id>55</wp:post_id>
		<wp:post_date><![CDATA[2019-02-14 21:21:39]]></wp:post_date>
		<wp:post_date_gmt><![CDATA[2019-02-14 21:21:39]]></wp:post_date_gmt>
		<wp:comment_status><![CDATA[open]]></wp:comment_status>
		<wp:ping_status><![CDATA[closed]]></wp:ping_status>
		<wp:post_name><![CDATA[rcmpveteran039sassociation-ottawa-wordpress-2019-02-07-xml_-txt]]></wp:post_name>
		<wp:status><![CDATA[private]]></wp:status>
		<wp:post_parent>0</wp:post_parent>
		<wp:menu_order>0</wp:menu_order>
		<wp:post_type><![CDATA[attachment]]></wp:post_type>
		<wp:post_password><![CDATA[]]></wp:post_password>
		<wp:is_sticky>0</wp:is_sticky>
		<wp:attachment_url><![CDATA[http://rcmp.develop/wp-content/uploads/2019/02/rcmpveteran039sassociation-ottawa.wordpress.2019-02-07.xml_.txt]]></wp:attachment_url>
		<wp:postmeta>
			<wp:meta_key><![CDATA[_wp_attached_file]]></wp:meta_key>
			<wp:meta_value><![CDATA[2019/02/rcmpveteran039sassociation-ottawa.wordpress.2019-02-07.xml_.txt]]></wp:meta_value>
		</wp:postmeta>
		<wp:postmeta>
			<wp:meta_key><![CDATA[_wp_attachment_context]]></wp:meta_key>
			<wp:meta_value><![CDATA[import]]></wp:meta_value>
		</wp:postmeta>
	</item>
</channel>
</rss>
